sentence,start_time,end_time,label,certainty_score,sentiment_score
"Good afternoon everyone and welcome to Tesla has fourth quarter 2024, QA webcast my name is Travis Axelrod Heaven, restoration relations here at Tesla, and I am joined today by Elon Musk and them up, Tunisia, and a number of other executives.",378.4,391.9,neutral,0.9995790123939514,0.0
"Are Q4 results, were announced at about 3 p.m. central Time in the update deck, we published at the same length as this.",391.9,399.2,neutral,0.9995774626731873,0.0
"Webcast during this call, we will discuss our business Outlook and make forward-looking statements.",399.2,404.3,neutral,0.9995976090431213,0.0
These comments are based on our predictions and expectations as of today.,404.3,408.3,neutral,0.9995951056480408,0.0
"Day actual events or results could differ materially due to a number of risks and uncertainties, including those mentioned in our most recent filings with the SEC.",408.4,417.3,neutral,0.9994565844535828,0.0
"During the question and answer portion of today's call, please limit yourself to one question and one follow-up.",418.3,423.3,neutral,0.9994487166404724,0.0
Please use the raise hand button to join the question Q4.,423.3,426.6,neutral,0.9995266199111938,0.0
We jump into Q&A Ilan.,426.6,429.5,neutral,0.999395489692688,0.0
Has some opening remarks along figured.,429.5,431.9,neutral,0.9996174573898315,0.0
"So in summary, in Q4 we set a record and limit vehicles and annualized rate of nearly 2 million a year.",432.0,438.2,positive,0.9979395270347595,0.9979395270347595
"So, congratulations to the Tesla team on.",438.2,441.9,positive,0.9514632225036621,0.9514632225036621
Excellent work.,442.1,443.1,positive,0.9977399110794067,0.9977399110794067
"We're to achieving record production and deliveries we Model y, was the best-selling vehicle cost of any kind for 2024.",443.4,452.2,positive,0.9980229139328003,0.9980229139328003
"That's worth noting that the not just the best electric vehicle, the best vehicle of any kind on Earth.",452.2,456.8,neutral,0.9994869232177734,0.0
"Number one, where's Lorelai?",457.0,458.3,neutral,0.9948440790176392,0.0
"We're staying focused on maximizing volumes and obviously doubling down for, I don't know what really does, it essentially doubling down on autonomy, but really, it's like autonomy is like ten Xing frankly, doubling is not even enough room.",458.5,478.0,positive,0.8648388385772705,0.8648388385772705
"Made many critical investments in 2024 in manufacturing, Ai Ai and Robotics that will bear immense fruit in the future and meds like it's in fact to such a scale that it is difficult to comprehend.",478.2,491.6,positive,0.9982511401176453,0.9982511401176453
"And I've said this before, and I'll stand by it, it I see a path.",491.6,498.1,neutral,0.9993064403533936,0.0
"I'm not saying it's an easy path, but I see a path for Tesla being the most valuable company in the world by far.",498.3,503.3,positive,0.9971888661384583,0.9971888661384583
"Not even close, like maybe several times more than I mean, I think that there is a path where Tesla is worth more than the next top five companies combined.",503.3,515.3,positive,0.997491717338562,0.997491717338562
There's a path to that.,515.3,517.3,neutral,0.9993466734886169,0.0
I think it's like an incredibly just like a difficult path but it is an achievable path.,519.3,525.1,neutral,0.9821254014968872,0.0
So and that is overwhelmingly.,527.8,531.3,positive,0.9025056958198547,0.9025056958198547
"Do two, autonomous vehicles and autonomous humanoid robots.",531.3,535.6,neutral,0.9995162487030029,0.0
"So, our focus is, is actually building towards that and then that that's what we're laying the ground.",537.7,546.8,neutral,0.8998035788536072,0.0
"We will lay the groundwork for that in 2024 will continue to lay the groundwork for that in 2025, in fact, more than lay the groundwork actually.",546.8,554.5,positive,0.9936864972114563,0.9936864972114563
"So people during the structure, we were building the manufacturing lines and Let go I'd like setting up for what I think will be an epic 2026 and the ridiculous 27 and 28 ridiculously good.",554.5,575.7,positive,0.993703305721283,0.993703305721283
That is my prediction.,577.9,578.9,neutral,0.9993841648101807,0.0
"as you had very few group, very few people, understand the value of full self-driving and our ability to monetize the fleet you, you know, I've seen these things I've said for quite a long time and I know people have said, well, you know, he owns the boy who cried wolf like Times.",584.9,600.4,negative,0.9966991543769836,-0.9966991543769836
I'm telling you there's a damn wolf for the victors time and you can drive it.,600.4,605.4,neutral,0.999086856842041,0.0
"In fact, it could drive you.",605.4,606.6,neutral,0.5564570426940918,0.0
"It's a self-driving wolf, you know, for a lot of people that they're like their experience of Tesla autonomy is like if it's even a year old, if Steven two years old that it's like me except it's like meeting someone when they're like a toddler and thinking that they're going to be a toddler forever, but obviously not going to be a toddler forever, they grow up.",606.6,628.3,neutral,0.9994865655899048,0.0
"But your But if their last experience was like, oh FSD was a toddler?",628.3,633.0,neutral,0.9992413520812988,0.0
"It's like, well, it's growing up now.",633.3,634.4,positive,0.8269658088684082,0.8269658088684082
Have you seen it?,634.4,635.0,neutral,0.9957067370414734,0.0
It's like walks and talks and that's really what we've got and it's difficult to for people to understand this because human intuition is linear as opposed to what we're seeing is exponential progress.,635.0,649.7,negative,0.7498989105224609,-0.7498989105224609
So that's why my number one recommendation for anyone who doubts is simply try it.,649.7,657.7,neutral,0.9994379878044128,0.0
Have you tried it?,657.9,658.9,neutral,0.9956705570220947,0.0
"When's the last time you tried AI it and the only people who are skeptical, the only people who are skeptical all those who have not tried it.",658.9,666.6,neutral,0.9992311000823975,0.0
"So, you know, a car goes passenger car typically has only about 10 hours of utility per week out of 168.",669.6,677.3,neutral,0.9993252754211426,0.0
Very small percentage.,678.9,680.2,neutral,0.5628530979156494,0.0
"Once, the car is autonomous, my rough estimate is that it is.",681.1,685.4,neutral,0.9994300007820129,0.0
You is in use for at least a third of the hours per week.,685.4,687.9,neutral,0.9992414712905884,0.0
"So call it 50 baby 35 hours of the week and it can be used for both cargo delivery and pupils are very, so even that's a people are asleep, but your tool, you can deliver packages in the middle of the night or resupply restaurants or whatever the case may be, whatever people need at all.",688.2,707.4,neutral,0.9993864297866821,0.0
"Hours of the day or night, that same asset, the thing that effect that is these things that already exist with no incremental cost.",707.7,717.8,neutral,0.9994778037071228,0.0
Change just a software update now have five times or more utility than they currently have.,717.8,724.8,neutral,0.9935613870620728,0.0
I am I think this will be the largest asset value increase in human history.,726.6,734.7,positive,0.9982288479804993,0.9982288479804993
Maybe there's something bigger but I just don't know what it is.,734.8,737.4,neutral,0.9913138747215271,0.0
"And so people who look in the rearview mirror, all looking for past precedent, except I don't think there is one.",739.0,746.1,neutral,0.9995298385620117,0.0
"So, but, you know, the there, but the but the reality of autonomy is upon us and I repeat my advice.",746.8,757.5,neutral,0.9992693066596985,0.0
Try dragging the car.,758.8,759.8,negative,0.7781170606613159,-0.7781170606613159
I'll let it drive you.,760.9,761.9,neutral,0.9991075396537781,0.0
So now it works very well in the US but of course it will overtime work just as well everywhere else.,764.7,772.2,neutral,0.9993866682052612,0.0
Yeah.,775.6,775.9,neutral,0.9958522319793701,0.0
So we're working hard to grow our annual volumes.,780.1,784.1,positive,0.9983226656913757,0.9983226656913757
"I've been straight this, your current constraint is battery packs this year, but we were working on addressing that constraint and I think we will make progress in addressing that constraint and then things are really going to go ballistic next year and really Bliss again, 27 and 28.",786.8,807.0,positive,0.9981202483177185,0.9981202483177185
"So yeah, so a little bit more on AI on full self-driving.",807.4,816.1,neutral,0.9993507266044617,0.0
"Our Q4 Vehicle Safety report shows continued, year-over-year, improvements and safety for vehicles so that the safety Universe if somebody has supervised Put of driving to a non or not the Savior differences are gigantic.",816.1,829.7,positive,0.9979636669158936,0.9979636669158936
So when people see in the amounts of improvement with version 13 and with agrella versions and version 13 and then we're 14 is going to be yet another Step Beyond that.,829.9,845.6,positive,0.9837639331817627,0.9837639331817627
That is very significant.,845.6,846.7,positive,0.9941726326942444,0.9941726326942444
We launched the cortex training cluster at gigafactory Austin which was a significant contributor to FSD advancement.,846.9,854.6,positive,0.9981241822242737,0.9981241822242737
And we continue to invest in training infrastructure at a tip Texas headquarters.,855.8,859.0,positive,0.9981807470321655,0.9981807470321655
"So the training needs for Optimus her, Optimus humanoid robot or probably at least ultimately 10x what?",861.2,871.0,neutral,0.9994438290596008,0.0
What?,871.0,871.1,neutral,0.9982540011405945,0.0
"It's needed for the car, but at least you get to the full range of of useful roles.",871.1,877.6,neutral,0.9983468055725098,0.0
"You can say, like, if you how many different roles are, therefore, humanoid robot versus a car here, I drove out is has probably 1,000 times more uses and more complex things than in a car.",877.6,894.6,neutral,0.9994008541107178,0.0
"That doesn't mean that the training scales by 1000, but it's probably You know 10x that now you can do this progressively.",894.6,903.3,neutral,0.9993886947631836,0.0
So doesn't mean like or Tesla going to spend like five hundred billion dollars in training compute?,903.3,907.0,neutral,0.9994890689849854,0.0
Because we were obviously trained Optimus to do enough tasks to match the output of autonomous robots.,907.0,917.8,neutral,0.992649495601654,0.0
and obviously the cost of training is dropping dramatically with time so but it is it is Like is one of those things where I think long-term Optimus will be.,921.1,932.8,neutral,0.5735446810722351,0.0
"At what Optimus has the potential to be north of 10 trillion dollars in Revenue, like it's really bananas.",934.4,939.6,positive,0.8974681496620178,0.8974681496620178
"So that your cautiously forward, a lot of training computer in that situation.",943.0,945.6,neutral,0.9944814443588257,0.0
"In fact, even 500 billion dollars training computer in that situation will require your deal.",946.8,950.1,neutral,0.9994427561759949,0.0
Yeah.,954.1,954.5,neutral,0.9958522319793701,0.0
"The future is going to be incredibly different from the past, that's for sure.",956.8,960.9,neutral,0.9973406195640564,0.0
We live at this unbelievable infection point in human history.,961.6,965.0,negative,0.9988775849342346,-0.9988775849342346
"So Yeah, so in the proof, the proof is in the pudding.",966.4,973.9,neutral,0.9994518160820007,0.0
So we're going to be launching unsupervised.,974.3,978.1,neutral,0.9993299245834351,0.0
"Full self-driving, as a paid service in Austin in June so, If talk with the team, we feel confident in being able to do an initial launch of unsupervised.",978.3,996.5,positive,0.9980826377868652,0.9980826377868652
No one in the car.,996.5,997.3,neutral,0.9978274703025818,0.0
"Full self-driving in Austin, in June, we already have a Tesla.",997.4,1002.7,positive,0.996931791305542,0.996931791305542
"Has operating autonomously on two wires for so, driving at our Factory in Fremont and will soon be a free bird?",1002.7,1009.7,neutral,0.9993021488189697,0.0
"During that, at our Factory in Texas?",1010.1,1012.0,neutral,0.9976282715797424,0.0
"So thousands of cars every day are driving with no one in them and on Fremont, Factory in California, they will soon be during that and Austin and then elsewhere in the world for the rest of our factories, which is pretty cool.",1013.2,1029.2,neutral,0.9886437654495239,0.0
And the cars aren't just driving to exactly the same spot because obviously at all when it's light at the same spot hey the cars are actually programmed with with where with what Lane then you talked into to be picked up for delivery.,1029.2,1047.9,neutral,0.9995704293251038,0.0
"So they're drive from the factory End of Line to their specific to their destination, parking spot and and the foot could be picked up for delivery to customers.",1048.5,1062.3,neutral,0.999510645866394,0.0
"and then during this reliably, every day, thousands of times a day, It's pretty cool.",1064.2,1071.0,neutral,0.9974195957183838,0.0
Like said these are the Tesla will be in the wild was no one in them.,1072.6,1076.4,neutral,0.9993845224380493,0.0
"In June, in Austin.",1076.4,1078.9,neutral,0.994686484336853,0.0
So the what I'm saying is this is not some far-off mythical situation.,1081.0,1086.0,neutral,0.9995129108428955,0.0
"It's literally you know, five, six months away, five months away kind of thing.",1086.5,1092.9,neutral,0.9994450211524963,0.0
"And while we're stepping it to putting on toe, in the water, gently at first just to make sure everything's cool.",1095.3,1102.6,neutral,0.9988503456115723,0.0
"Our solution are at sort of our solution is a solution, is a generalized AI solution.",1104.9,1110.0,neutral,0.999530553817749,0.0
It is not does not require High Precision maps of locality so we're just want to be cautious.,1110.0,1117.7,neutral,0.9990882873535156,0.0
It's not that it doesn't work Beyond awesome.,1118.3,1120.1,neutral,0.9941306710243225,0.0
In fact it does we just want to be put a toe in the water?,1120.1,1123.6,neutral,0.9990849494934082,0.0
Make sure everything is okay.,1123.6,1125.1,neutral,0.9100640416145325,0.0
Then put a few more toes in the water.,1125.1,1128.0,neutral,0.9982466697692871,0.0
Then put a foot in the water.,1128.0,1129.4,neutral,0.9991117119789124,0.0
With safety of the general public as those in the car as our top priority.,1131.3,1137.0,positive,0.9966338276863098,0.9966338276863098
With what Optimus obviously.,1141.4,1144.5,neutral,0.9597426056861877,0.0
"I'm making, you know, these Revenue projections.",1144.5,1147.5,neutral,0.9995519518852234,0.0
"Predictions, that sound, absolutely insane.",1147.5,1149.1,neutral,0.9919359683990479,0.0
"I realize that but But they are, I think they will prove to be accurate.",1149.1,1156.7,positive,0.9845676422119141,0.9845676422119141
Yeah.,1161.0,1161.3,neutral,0.9958522319793701,0.0
"Now with Optimus, there's a lot of uncertainty on the exact timing because It's not like a train arriving at the station for Optimus.",1163.4,1173.1,negative,0.9977465271949768,-0.9977465271949768
"We are designing the train, and the station, and in real-time.",1173.1,1177.7,neutral,0.9990125894546509,0.0
"Well, also bullying the tracks.",1178.1,1179.8,negative,0.9970609545707703,-0.9970609545707703
"And, and so, they're like, why did portions are?",1179.8,1183.0,neutral,0.999127209186554,0.0
Why didn't the training?,1183.0,1183.9,negative,0.988482654094696,-0.988482654094696
Right?,1183.9,1184.1,neutral,0.9981926083564758,0.0
Exactly.,1184.1,1184.6,neutral,0.9928857684135437,0.0
At 12:05.,1184.6,1185.9,neutral,0.9992234706878662,0.0
Like we're literally designing the train and the track in the station in real time.,1185.9,1189.2,neutral,0.999407172203064,0.0
"While you're singing like how can we predict this thing with absolute Precision, some possible, you know, the the normal internal plan calls for roughly 10,000 Optimus robotaxi.",1189.2,1199.3,neutral,0.9995306730270386,0.0
Bus people.,1199.5,1199.8,neutral,0.99837327003479,0.0
"Here, what we succeed in building, 10 thousand, exactly.",1200.0,1202.9,neutral,0.9940226674079895,0.0
By the end of December of this year.,1202.9,1204.7,neutral,0.9988163709640503,0.0
Probably not.,1205.8,1206.4,negative,0.5542721748352051,-0.5542721748352051
"We, but I would, will we succeed in making several thousand?",1206.4,1209.9,negative,0.8051161170005798,-0.8051161170005798
"Yes, I think we will, will those several thousand Optimus robots, be doing useful things by the end of year?",1210.0,1216.2,positive,0.9483657479286194,0.9483657479286194
"Yes, I'm confident they will declare will do useful things.",1216.4,1218.9,positive,0.997386634349823,0.997386634349823
That those Optimus in use at the Tesla factories for production design.,1222.7,1229.1,neutral,0.99956876039505,0.0
"One will inform, how would we change for production site to which we expect to launch next year?",1229.1,1234.5,neutral,0.999492883682251,0.0
"And our goal is to rent property, Optimus production faster than maybe any things ever been ramped.",1234.5,1243.2,positive,0.9982231259346008,0.9982231259346008
Meaning like aspirationally an order of magnitude for a year.,1243.2,1249.8,neutral,0.9995883107185364,0.0
"Now, if we aspire to order magnitude brand for your past, we only end up with a half order of magnitude per year, but that's the kind of growth that we're talking about.",1251.1,1259.7,neutral,0.9975861310958862,0.0
"It doesn't take very many years before You know, we're making 100 million of these things a year.",1261.7,1268.6,neutral,0.9989481568336487,0.0
"If you go up by, let's say a factor it by 5x per year.",1271.0,1275.3,neutral,0.9988116025924683,0.0
Okay?,1277.4,1277.8,neutral,0.9936854243278503,0.0
"And say not 50%, five hundred percent So it goes like this.",1278.0,1288.3,neutral,0.9995495676994324,0.0
"Yeah, but we do need to be it.",1291.6,1293.6,neutral,0.9992251396179199,0.0
This is an entirely new supply chain is entirely new technology.,1293.6,1297.4,neutral,0.9994413256645203,0.0
There's nothing of the sellout show up to use.,1297.7,1299.6,neutral,0.9992817044258118,0.0
"We tried desperately it with Optimus to you to use any existing, Motors act, you know, any actuators sensors, nothing.",1300.1,1308.6,neutral,0.9490841031074524,0.0
"Nothing worked for a humanoid, robot, at any price, we had to design everything from from physics.",1308.6,1314.8,neutral,0.9995191097259521,0.0
"First principles to work for humanoid robot and with the most sophisticated, Hand that has ever been made before by far.",1314.8,1324.1,neutral,0.9994627833366394,0.0
And Optimus will be also like play the piano and and be able to thread a needle.,1327.6,1334.0,neutral,0.9992451667785645,0.0
And this is the level of precision.,1338.3,1340.0,neutral,0.9994463324546814,0.0
"No one has been able to achieve and so it's really something special, so Yeah, so and my friction long to mr. Optimus will be overwhelmingly the value of the company.",1340.0,1361.1,neutral,0.9970157146453857,0.0
Regarding energy backed up back to us.,1363.5,1365.9,negative,0.9901427030563354,-0.9901427030563354
It was deal on.,1368.9,1369.6,positive,0.9939642548561096,0.9939642548561096
Come back here for a minute.,1371.9,1372.8,neutral,0.9995713829994202,0.0
"Okay, back to us, storage is a big deal and will become.",1373.4,1379.3,neutral,0.9808042645454407,0.0
It's already.,1379.9,1380.6,neutral,0.998330295085907,0.0
"Super important will become incredibly important in future and and it is something that enables far greater energy output to the grid, then is currently possible.",1380.7,1391.6,positive,0.9660483002662659,0.9660483002662659
Because the grid the grid is that are the vast majority of the grid has no energy storage capability.,1392.6,1399.7,negative,0.9976853132247925,-0.9976853132247925
"So they have to design the power plants to beautiful very high peaks and assuming that there's no energy storage once you have grid grid, energy storage and home-based energy storage, the AI for total energy output per year of the greatest romantic be greater than people think.",1399.7,1416.3,neutral,0.9987146854400635,0.0
Maybe it's at least double.,1416.5,1418.2,neutral,0.9977037310600281,0.0
"This will drive the demand of stationary, battery packs, and Pigman, especially the grid scale ones to and insane basically as much demand as we can possibly make.",1419.9,1430.7,positive,0.9980878233909607,0.9980878233909607
So we have S Factory which is an AI Shang Hai that started operation and we're building a third Factory.,1432.8,1441.4,positive,0.9974104762077332,0.9974104762077332
So we're trying to wrap up put of the stationary battery storage as quickly as possible.,1441.4,1447.4,positive,0.997577965259552,0.997577965259552
Now the There is a challenge here where we have to be careful to that.,1448.0,1452.8,neutral,0.9888385534286499,0.0
"We're not robbing Tate robbing from one pocket to take to another pocket, because for a given vehicle, what hours per year?",1452.8,1458.7,neutral,0.9991674423217773,0.0
"Or about the sellout, put, we're still, does it go into stationary applications for mobile applications?",1458.7,1464.1,neutral,0.9992364645004272,0.0
"Again, go both is growth.",1464.6,1465.8,positive,0.997706413269043,0.997706413269043
So we have to make that trade-off.,1466.7,1468.1,neutral,0.9958477020263672,0.0
Yeah.,1472.9,1473.3,neutral,0.9958522319793701,0.0
"But overall, overall, the demand for total, GB h of batteries, whether mobile or stationary that will grow to in a very, very big way over time.",1476.4,1488.6,positive,0.997980535030365,0.997980535030365
"so in conclusion, 2025 really is a pivotal year for Tesla and and We'll look back on 2025 and the launch of unsupervised, full self-driving, true, real world, AI that, that actually works.",1492.1,1508.5,neutral,0.9990904331207275,0.0
The AI think they regarded as the biggest year in Tesla history.,1510.0,1512.7,positive,0.9981440305709839,0.9981440305709839
Maybe even bigger than a first car.,1514.6,1516.6,neutral,0.9977073669433594,0.0
The Roadster or the model.,1518.0,1520.3,neutral,0.9993801116943359,0.0
I saw the model 3 will model y.,1520.3,1522.1,neutral,0.9994860887527466,0.0
"The AI in fact, I think it probably will be viewed 25 as may be the most important year in Tesla has history.",1524.0,1528.6,neutral,0.9989060163497925,0.0
There is no company in the world that is as good at real world.,1531.8,1534.9,neutral,0.9224371314048767,0.0
AI is Tesla.,1534.9,1535.4,neutral,0.9994255304336548,0.0
I don't even know if he's in second place like you say like who's in second place for real world AI.,1537.2,1543.2,neutral,0.9989691972732544,0.0
"I would need a very big telescope to see them, that's how fall behind there.",1543.2,1546.6,neutral,0.9950836896896362,0.0
All right.,1550.1,1550.7,neutral,0.9975664615631104,0.0
"Okay, thank you very much.",1550.8,1552.8,neutral,0.9987035989761353,0.0
"You Lon and above have some opening remarks as well, yeah, I'll talk about things on Earth, but as you learn mention in Q4, we set record set by deliveries and energy storage.",1552.8,1563.4,positive,0.9899791479110718,0.9899791479110718
"Deployments in an uncertain, macro environment, we were able to grow Auto and energy storage volumes.",1563.4,1569.4,positive,0.9981355667114258,0.9981355667114258
But sequentially and year-over-year basis for this.,1569.4,1572.9,neutral,0.9996347427368164,0.0
I would like to thank the efforts of everyone at Tesla to make this a reality and our customers who helped us achieve this thing.,1572.9,1580.0,neutral,0.9995012283325195,0.0
Coming into the fourth quarter.,1581.0,1582.5,neutral,0.9992271661758423,0.0
Our Focus was to reduce inventory levels in the automotive business and we accomplished that by ending the quarter with the lowest finished good inventory in the last two years.,1582.5,1592.0,positive,0.9975062012672424,0.9975062012672424
This was a result of offering not only attractive financing options but also other discounts and programs which impacted ASP is while we saw Walling growth in almost all regions that we operate in.,1592.0,1604.6,positive,0.9976014494895935,0.9976014494895935
We hit a new record of four deliveries in the greater China Market.,1604.9,1608.8,positive,0.998128354549408,0.998128354549408
"This is an encouraging And since we grew volume in a highly competitive EV Market on the automotive margins front, we saw a quarter over quarter decline, primarily due to lower, ASP s. Then due to the recognition of FSD related Revenue in Q3 from feature.",1608.8,1626.5,negative,0.9969667792320251,-0.9969667792320251
"Releases our journey on cost reduction continues, and we were able to get our overall cost per car down below.",1626.5,1633.7,positive,0.998083233833313,0.998083233833313
Thirty five thousand dollars driven primarily by material cost.,1633.7,1637.3,negative,0.8268969058990479,-0.8268969058990479
"This was despite increased depreciation another cost as we prepare for the transition to the new model y, for which we recently started taking orders in all markets, all our factors will start producing the new model.",1638.3,1651.3,positive,0.6642429232597351,0.6642429232597351
Y all next month while we feel confident in our team's abilities to Ram production quickly note that it is an unprecedented change and we're not aware of anybody else.,1651.3,1661.8,neutral,0.6145909428596497,0.0
"Taking the best-selling car on the planet and updating all factories at the same time, Let's change our world won't result in several weeks of lost production in the quarter.",1661.8,1674.1,neutral,0.9847339987754822,0.0
As a result margins will be impacted due to idea.,1674.5,1677.7,negative,0.9964030981063843,-0.9964030981063843
"Capacity, another wrapped related costs as is common in any large, but will be overcome ASP production isn't We will be introducing several new products throughout 2025, we are still on track to launch a more affordable model in the first half of 2025 and will continue to expand on vinyl from there on a dollar-for-dollar basis.",1677.7,1698.8,positive,0.9965974688529968,0.9965974688529968
"We believe we have the most compelling lineup today compared to the industry and it will continue to get better from here, as always, all our products come with the best software industry autonomy features and capable of full autonomy in the future and despite the Pima Come experience.",1698.8,1716.2,positive,0.9983099699020386,0.9983099699020386
The total cost of ownership is close to mass Market Plus premium competitors.,1716.2,1720.5,positive,0.8338693976402283,0.8338693976402283
Energy storage.,1721.4,1723.0,neutral,0.985527753829956,0.0
"Deployments reached an all-time high in Q4 this and resulted in, but the client sequentially, this was a result of higher this.",1723.0,1734.4,positive,0.9975878000259399,0.9975878000259399
Sorry growth came from mega pack and power.,1734.4,1739.1,positive,0.9961179494857788,0.9961179494857788
Both businesses continue to be Supply constraint and like a long mention were trying to ramp up production with mega Factory Shanghai coming online this quarter on boy.,1739.1,1751.3,negative,0.9981397390365601,-0.9981397390365601
"Well, quarterly deployments will likely continue to fluctuate.",1751.9,1754.8,neutral,0.9529640674591064,0.0
Sequentially.,1754.8,1755.5,neutral,0.9944776296615601,0.0
We expect at least fifty percent growth in deployments here over here in 2025 gross profit and margins in the service.,1755.9,1763.1,positive,0.9981991648674011,0.9981991648674011
And other business was a hero.,1763.1,1765.5,positive,0.9924457669258118,0.9924457669258118
We have declined sequentially.,1765.5,1767.0,negative,0.9987561702728271,-0.9987561702728271
"This was the result of higher service, center costs, and lower profit from used car business.",1767.1,1772.6,negative,0.9985914826393127,-0.9985914826393127
"The businesses within service, another primarily support our new car business, especially through their impact on total cost of ownership.",1772.9,1779.9,neutral,0.9993021488189697,0.0
"For while I manage them to be positive on a gaap basis, we do not expect similar margins as the rest of the business.",1781.3,1787.0,negative,0.952026903629303,-0.952026903629303
"There's a lot of uncertainty around tariffs, over the years.",1787.0,1791.9,negative,0.9988552331924438,-0.9988552331924438
"We've tried to localize our supply chain and every Market, but we are still very reliant on parts from across the world for all our businesses.",1791.9,1799.7,neutral,0.9972148537635803,0.0
"Therefore the imposition of tariffs, which is very likely and any reciprocal City will have an impact on our business and profitability.",1800.2,1809.4,negative,0.9961087107658386,-0.9961087107658386
But operating expenses grew both year-over-year and sequentially.,1810.3,1814.1,negative,0.9982896447181702,-0.9982896447181702
The biggest driver of the increase was only as we continue to invest in AI related.,1814.1,1819.8,positive,0.8302478194236755,0.8302478194236755
Initiatives.,1819.8,1819.9,neutral,0.9954822063446045,0.0
Remaining increase came from growth in our sales capabilities and marketing efforts from referral program.,1819.9,1827.5,positive,0.9980878233909607,0.9980878233909607
"For 2025, we expect operating expenses to increase to support our growth initiatives.",1828.5,1833.6,neutral,0.7701398134231567,0.0
It is important to point out that the net income in Q4 was impacted by 600 million mark-to-market benefit from Bitcoin due to the adoption of a new accounting standard for digital assets.,1833.7,1845.6,positive,0.992463231086731,0.992463231086731
When we change will take Mark to Market adjustments through other income every reporting period going forward.,1845.6,1852.1,neutral,0.9996278285980225,0.0
"Our free cash flow for the quarter was two billion and despite capex increase of or 2.4 billion in 2024, we were able to generate free cash flow of 3.6 billion for the year capex.",1854.7,1866.5,positive,0.9960858821868896,0.9960858821868896
"Efficiency, efficiency is something we are extremely focused on while we have invested in AI related initiatives, we've done.",1866.5,1874.2,positive,0.997954249382019,0.997954249382019
"So in a very targeted manner to to utilize this pain, to get immediate benefits.",1874.2,1879.4,positive,0.9975205063819885,0.9975205063819885
The build-out of Cortex was accelerated because of the Roll.,1879.4,1883.9,positive,0.9941283464431763,0.9941283464431763
"Well, exit, actually, he'll accelerate the rule out of FSD we version 38, accumulative AI related capex, including infrastructure so far has been approximately 5 billion.",1884.5,1896.7,neutral,0.9542378783226013,0.0
"And for 2025, we expect our capex to be flat or any oldest here.",1896.7,1902.4,neutral,0.9920082092285156,0.0
"Basics in conclusion, you know, like Iman said, he'll be 25 is going to be a pivotal year for Tesla.",1902.4,1909.7,neutral,0.9987230896949768,0.0
"There are a lot of Investments that we have made and will continue to make it this coming year, which will set the pace for the next phase of growth.",1909.7,1919.0,positive,0.9974437952041626,0.9974437952041626
"And, you know, it is something which now I'm getting out all the fourth, it is going to be out of this world and we just playing putting the right foundation and that's all I have great.",1919.5,1933.3,positive,0.9917739033699036,0.9917739033699036
"Thanks very much, fiber.",1933.7,1934.6,neutral,0.9991980195045471,0.0
Now we will move over to investor questions coming.,1935.4,1938.2,neutral,0.9992697834968567,0.0
We'll start with say.com.,1938.2,1939.7,neutral,0.999589741230011,0.0
The first question is is unsupervised FSD still plaintiff?,1940.1,1944.3,neutral,0.9993574023246765,0.0
"In Texas and California this year, what hurls still exists to make that happen?",1944.5,1948.3,neutral,0.9957395792007446,0.0
You address the Texas piece I think already.,1949.2,1950.8,neutral,0.999464213848114,0.0
So yeah I'm confident that we will release unsupervised FSD in California this year as well.,1950.8,1957.1,positive,0.9974641799926758,0.9974641799926758
You know?,1957.1,1960.2,neutral,0.9957579970359802,0.0
Yeah.,1960.2,1960.9,neutral,0.9958522319793701,0.0
"That in fact, I think we will most likely release unsupervised FSD and many regions of the country of the US by the end of this year.",1960.9,1972.5,neutral,0.9584795236587524,0.0
"Like I said, we're just putting a toe in the water than few toes, then a foot then leg then, you know, make sure everything's cool and we're looking for safety level.",1973.9,1985.9,neutral,0.9986218214035034,0.0
"That is significantly above the average human driver, so it's not anywhere like much safe.",1985.9,1991.7,negative,0.9972532391548157,-0.9972532391548157
Or not like little bit safer than human way safer than human.,1991.7,1994.2,neutral,0.6093251705169678,0.0
"So the standard has to be very high because the moment there's any kind of, you know, accident with an autonomous car.",1995.8,2002.9,neutral,0.9991124272346497,0.0
"This immediately gets worldwide headlines, even though about 40,000 people die every year in car accidents in the US, and most of them don't even get a mentioned anywhere.",2004.0,2017.0,negative,0.7803995609283447,-0.7803995609283447
"But if somebody's great session with in the autonomous car, it's a headline news.",2018.4,2022.4,neutral,0.9974319338798523,0.0
We wonder what that yeah.,2022.6,2025.1,neutral,0.9986440539360046,0.0
So it's really from Mexico.,2028.1,2029.0,neutral,0.9992778897285461,0.0
The only thing holding us back is an excess of caution but people can suddenly get a feel for how well the car would perform.,2029.2,2035.4,neutral,0.9803327322006226,0.0
As unsupervised FSD by simply having car allowing the car to drive you around your city.,2035.8,2041.2,neutral,0.999567449092865,0.0
And see how many times did you have to get to be in love?,2041.2,2044.5,neutral,0.9994127750396729,0.0
Where you want you to be in all were a little concerned but how many times did you have to into being for or definite safety reasons and you will find that?,2044.5,2053.5,neutral,0.9990983009338379,0.0
That is currently very rare and AI over time.,2053.5,2057.4,neutral,0.9980589747428894,0.0
Almost never.,2057.6,2058.4,neutral,0.9957096576690674,0.0
Great.,2060.4,2060.8,positive,0.9974786639213562,0.9974786639213562
Thank you very much.,2061.1,2062.0,neutral,0.9990378618240356,0.0
The next question is.,2062.4,2063.5,neutral,0.9993162155151367,0.0
Are there any discussions with other auto companies about licensing?,2064.3,2067.4,neutral,0.9984835982322693,0.0
FSD.,2067.4,2067.8,neutral,0.9954635500907898,0.0
Yes.,2067.8,2069.9,neutral,0.9881481528282166,0.0
What we're saying is?,2070.0,2074.3,neutral,0.9994298815727234,0.0
"at this point significant interest from a number of major car companies about licensing that Tesla full self-driving technology or people generally said is the best way to know what to do is take one of our cars apart and and then you can see what where the placement of the cameras are, what the thermal needs are of the AI earnings computer.",2076.3,2101.3,neutral,0.9755471348762512,0.0
That's better than us.,2101.3,2103.9,negative,0.4553997814655304,-0.4553997814655304
"You know, sending some CAD drawings and and then we're only going to entertain situations where the volume would be very high.",2103.9,2111.8,neutral,0.9939811825752258,0.0
Otherwise it is not worth the complexity and and we will not burden our engineering team with laborious discussions with other engineering teams until we obviously have unsupervised full self-driving working throughout the United States.,2112.0,2127.0,neutral,0.9983100891113281,0.0
I think the interest level from other manufacturers to license ever see will be extremely high.,2129.2,2135.2,positive,0.9981714487075806,0.9981714487075806
Once it is obvious that unless you have FSD your debt Great.,2135.3,2144.9,neutral,0.999311089515686,0.0
Thank you very much.,2145.6,2146.3,neutral,0.9990378618240356,0.0
"The next question is, is Optimus.",2147.1,2148.8,neutral,0.999431312084198,0.0
Now mostly designed locked for 2025 production.,2148.8,2151.7,positive,0.783602237701416,0.783602237701416
Just Optimus is not designed locked.,2154.5,2157.0,neutral,0.9297963976860046,0.0
So when I said like we're designing the train as it's going to.,2157.2,2162.7,neutral,0.9995598196983337,0.0
"We redesigned the train as going down the tracks, while redesign the tracks and the train stations.",2162.7,2167.6,neutral,0.9804392457008362,0.0
"And yeah, it's a rapidly evolving.",2167.6,2172.2,neutral,0.9874979257583618,0.0
It's rapidly evolving in a good direction.,2172.2,2174.0,positive,0.9982849955558777,0.9982849955558777
You know it's pretty pretty damn amazing.,2176.6,2178.6,positive,0.9958664178848267,0.9958664178848267
Actually teams doing a fantastic job.,2178.6,2180.3,positive,0.9981275200843811,0.9981275200843811
"We really have by far and I think by far the best team of humanoid robotics engineers in the world and we also have all the other ingredients necessary that, you know, because you need a great battery pack, you need a great Power Electronics in your grid charging capability.",2181.1,2198.3,positive,0.9977952241897583,0.9977952241897583
"You need a, you know, great Communications, got a couple Wi-Fi + cellular connectivity.",2198.7,2203.8,neutral,0.9993778467178345,0.0
"And and of course, you need real world Ai and then the ability to scale that production to significant huge levels.",2206.8,2215.9,neutral,0.9994778037071228,0.0
So you need to have to design for manufacturing.,2215.9,2219.2,neutral,0.9995110034942627,0.0
The things that we need the really what other companies are missing is they're missing the real world Ai and the missing the ability to scale manufacturing to Millions units a year.,2219.2,2231.7,negative,0.9905145168304443,-0.9905145168304443
I think that is an underappreciated thing that Ingersoll ization of design is the whole different thing than making a design.,2233.2,2240.8,neutral,0.9994113445281982,0.0
"Yeah, prototypes are trouble basically prototypes are easy Productions hot except for many years the problem is that there's like those who have never been involved in production or manufacturing somehow think that met you.",2241.2,2255.3,negative,0.9059562087059021,-0.9059562087059021
Once you come up with some Eureka design that you magically can make it million units here and this is totally false.,2255.3,2261.6,neutral,0.9974609613418579,0.0
"The needs to be some That some Hollywood Story orbs where they show actually, the problem is manufacturing, what they can have one, is it?",2261.9,2270.6,neutral,0.999492883682251,0.0
"You know, it's just doesn't fit the narrative.",2271.0,2272.8,negative,0.9923765063285828,-0.9923765063285828
"The Hollywood thing is like, it's like some lone inventor in a garage goes Eureka.",2272.8,2276.4,neutral,0.9994632601737976,0.0
And suddenly it files a patent and suddenly there's millions of units.,2277.4,2281.1,positive,0.9864243865013123,0.9864243865013123
"I like I'm listening guys, we're missing one really, not it 99% of the story.",2281.4,2286.1,negative,0.997134804725647,-0.997134804725647
"1% is AI, know that old saying, one person like a product is 1% inspiration 99%.",2287.5,2292.4,neutral,0.9994490742683411,0.0
Sent perspiration.,2292.9,2293.8,neutral,0.9975029826164246,0.0
The Hollywood church is one percent inspiration and - but forgets about the 99% perspiration of actually figuring out how to make that initial prototype manufacturer will.,2294.6,2302.9,neutral,0.9995360374450684,0.0
"And then make action at high volume, such that the product is reliable, low-cost consistent, doesn't break down all the time and that is a hundred times harder at least than the Prototype.",2303.4,2314.1,neutral,0.9938135147094727,0.0
Then you have to get it there.,2314.8,2315.8,neutral,0.9994452595710754,0.0
Deliver it back.,2315.8,2316.5,neutral,0.9988945126533508,0.0
"Yeah, yeah.",2316.6,2317.3,neutral,0.996323823928833,0.0
You're always regulations and resilient regulator on the world's for difficult.,2317.3,2321.3,positive,0.9933211207389832,0.9933211207389832
Great.,2322.7,2323.0,positive,0.9974786639213562,0.9974786639213562
Thank you.,2323.0,2323.5,neutral,0.9991152882575989,0.0
The next question is also Optimus related when will Tesla start selling Optimus and what will the price be?,2324.2,2330.7,neutral,0.9993013143539429,0.0
"Well, the it made for this year, we expect to just close the loop with it.",2333.6,2339.0,neutral,0.9993100166320801,0.0
Optimus being used internally at Tesla because we obviously can easily use several thousand.,2339.1,2347.1,neutral,0.9994370341300964,0.0
"Humanoid robots at the Tesla for, you know, like the most boring annoying tasks in the factory.",2347.1,2353.7,neutral,0.9994718432426453,0.0
Like the Tesla nobody wants to do.,2353.7,2355.1,neutral,0.5411696434020996,0.0
"We're we have to, like, beg people to do this task and then they that it's like that.",2355.1,2362.6,neutral,0.7985448837280273,0.0
"Like the robust, totally happy to do.",2362.8,2364.4,neutral,0.9438238143920898,0.0
"The boring dangerous were better to test the, no, no, humans want to do and that's also actually some of the easiest use cases to for us to, you know, have have Optimus do things like, you know, like load load the hopper like for, you know, excited looking body line.",2364.4,2381.8,neutral,0.999262273311615,0.0
"If you like transporting, you know, pieces of sheet metal to the, the room, which is very robust, robot welding line for the body and you just have to dare Non-stop, take things out of out of a 4-1 fixture to another fixture.",2381.8,2398.7,neutral,0.9993497729301453,0.0
AI is a very boring job.,2400.0,2401.1,negative,0.9981689453125,-0.9981689453125
That's the kind of thing with the Optimus could do.,2401.1,2404.9,neutral,0.9994611144065857,0.0
"Okay, runs around comes all the world's turned certain Independence.",2405.1,2409.5,neutral,0.9995298385620117,0.0
"Yeah, there's there's a ton of boring jobs.",2409.9,2412.8,negative,0.998139500617981,-0.998139500617981
Tedious jobs being rude.,2412.8,2414.7,negative,0.9988278746604919,-0.9988278746604919
"You know, slightly dangerous jobs.",2414.7,2416.4,negative,0.7965604662895203,-0.7965604662895203
That are perfect Partners.,2416.4,2417.5,positive,0.9650222063064575,0.9650222063064575
"So we expect to use Optimus for those tasks at our factories and, and that'll help us close loop for improvement this year.",2417.5,2425.2,positive,0.9971677660942078,0.9971677660942078
It's really with production version 2.,2425.2,2429.4,neutral,0.9995512366294861,0.0
Which I think launches sometime next year.,2430.6,2433.8,neutral,0.9987938404083252,0.0
I'd like to be the beginning of next year but maybe it is more like the middle of next year.,2435.0,2439.5,neutral,0.9995576739311218,0.0
"And and we have to just go with it with a production line that is designed for, you know, on the order of 10,000 units, a month versus 1,000 units a month.",2441.7,2453.5,neutral,0.9993447661399841,0.0
"So like when you're designing it for like we design a production line for Thousand Years a month, it takes you a while to actually reach anywhere close to 1,000 a month.",2454.4,2463.2,neutral,0.9982746839523315,0.0
"When you signed that for any given product production output, it takes a while to actually reach its potential, but the current line that were designing is for roughly 1,000 units, a month of of Optimus robotaxi Lon.",2465.2,2481.1,neutral,0.9994039535522461,0.0
"Next line would be for 10,000 years a month.",2481.1,2483.5,neutral,0.9995449185371399,0.0
"Line after that would be for 100,000 units a month.",2484.6,2487.4,neutral,0.9994482398033142,0.0
"And I think probably with product with version 2, That is a very rough guess because of, there's old so much uncertainty here, very rough.",2490.5,2499.6,negative,0.9965255856513977,-0.9965255856513977
"Guess that we start delivering Optimus robots to companies that are outside of Tesla in the maybe the second half of next year, something like that but like this is such an exponential ramp that will go from.",2499.6,2512.3,positive,0.9896642565727234,0.9896642565727234
No one's receiving.,2512.3,2514.1,neutral,0.9961503744125366,0.0
Humanoid robots to these things like coming out like crazy.,2514.1,2518.2,negative,0.9973580241203308,-0.9973580241203308
We can't build enough.,2518.2,2519.0,negative,0.9987748265266418,-0.9987748265266418
What would they were?,2519.3,2520.5,neutral,0.998828113079071,0.0
Always going to be in AI.,2520.5,2521.3,neutral,0.9977903366088867,0.0
We can't build enough situation.,2521.3,2522.8,negative,0.9986804127693176,-0.9986804127693176
Demand will not be a problem even at a high price.,2525.7,2527.8,positive,0.9482010006904602,0.9482010006904602
"And then I will said like, once we start one square at a steady state of above a million units a year, I think the production, you know, if I'm confident at a million years a year that the production costs of Optimus will be less than 20 thousand dollars.",2528.5,2544.5,neutral,0.9950044751167297,0.0
"Your compare, the complexity of Optimus to the complexity of the car.",2545.9,2550.0,neutral,0.9994989633560181,0.0
So just a total mess and complexity of Optimus is is as much less than a car.,2550.0,2557.4,neutral,0.9994243383407593,0.0
"So I would expect that at similar volumes to say the model Y which is that over a million units here that you'd see Optimus be AI, don't know, half the per half the cost.",2557.4,2568.5,neutral,0.9994112253189087,0.0
Something like that.,2570.0,2570.8,neutral,0.9990793466567993,0.0
What the what the price of Optimus is is a different matter.,2571.8,2574.2,neutral,0.9994148015975952,0.0
The price of Optimus will be set by the market demand.,2574.2,2577.4,neutral,0.9994219541549683,0.0
Great.,2579.7,2580.3,positive,0.9974786639213562,0.9974786639213562
Thank you very much.,2580.3,2581.1,neutral,0.9990378618240356,0.0
"The next question is, what is the status on mass production?",2581.3,2586.1,neutral,0.9985905289649963,0.0
The Tesla semi and how will it impact revenue and scale?,2586.2,2590.4,neutral,0.9988359808921814,0.0
It's AI will.,2591.4,2592.8,neutral,0.9992324113845825,0.0
"So we just closed up to some I factory roof and walls last week in Reno that has schedule, which is great with the weather really know.",2592.8,2599.9,positive,0.9956799745559692,0.9956799745559692
"You never know what's going to happen, but we're prepping for mechanical, insulation and all the equipment in the coming months.",2599.9,2604.9,positive,0.7316830158233643,0.7316830158233643
The first builds of the high volume.,2604.9,2607.2,neutral,0.9987947940826416,0.0
So my design will come late this year and 2025 and begin ramping early in 2026.,2607.2,2611.4,neutral,0.9995734095573425,0.0
"But as we've said before, you know, the semi has a TCO no-brainer like it's really similar to Optimus, it's you know, It by how much people pay and, you know, it has a total cost of ownership.",2611.4,2625.2,neutral,0.9995194673538208,0.0
It's much much cheaper than any other Transportation you can have.,2625.2,2627.9,positive,0.99716717004776,0.99716717004776
"So at that point, when we're at scale, it will meaningfully contribute to the Tesla has Revenue.",2628.1,2633.2,positive,0.9802390933036804,0.9802390933036804
My pain is difficult to say how much Picking one.,2633.3,2637.1,negative,0.9970545768737793,-0.9970545768737793
"I'll um no I mean how do you think it tells us that my game with autonomy is going to be incredibly valuable, you know, there were actually have a shortage of truck drivers in America.",2637.1,2651.7,positive,0.9934356212615967,0.9934356212615967
"That's one of the limiting factors on transport and People are human so they get tired and sometimes and you know there's its you know, I have a lot of respect for truck drivers because it's a tough job, but because it's a tough tough.",2651.7,2671.3,neutral,0.9925296902656555,0.0
There's not that many people that want to do it and this actually fewer.,2671.3,2674.9,negative,0.998645007610321,-0.998645007610321
"I believe, if I am, I saying is correct.",2674.9,2677.5,neutral,0.9938546419143677,0.0
There are fewer people entering truck driving his profession.,2677.5,2680.3,negative,0.9985925555229187,-0.9985925555229187
Then are leaving it.,2680.3,2681.2,negative,0.9731459021568298,-0.9731459021568298
Yes.,2681.2,2681.6,neutral,0.9881481528282166,0.0
"So when you think of yeah, exactly.",2681.9,2683.8,neutral,0.99933260679245,0.0
"So so when you consider okay, there's more believing try.",2683.8,2686.9,neutral,0.9994663596153259,0.0
AI in his profession than entering it.,2687.0,2688.4,neutral,0.9990352392196655,0.0
Well we're going to have a real logistic problem as time goes by.,2688.4,2691.1,negative,0.9990442395210266,-0.9990442395210266
"So autonomy will be very important to meet that need it's so like, Little I don't know.",2691.1,2702.8,neutral,0.999401330947876,0.0
It's a several billion a year opportunity which I don't know in this context.,2703.8,2708.0,neutral,0.9640474915504456,0.0
Is that these days?,2708.0,2710.6,neutral,0.9994369149208069,0.0
I did several volunteer matter.,2711.2,2713.8,positive,0.8736810088157654,0.8736810088157654
I think it does not nothing.,2713.9,2717.4,neutral,0.9991733431816101,0.0
It's probably you know might as well a good time doing your thing.,2719.1,2722.1,neutral,0.9992008805274963,0.0
That's a billion a month at some point.,2723.3,2724.9,neutral,0.999427855014801,0.0
"Probably But I bet it's, you know, the oldest is going to pale in comparison to Optimus.",2724.9,2730.8,neutral,0.998970627784729,0.0
So yeah billion a month is it's a lot but it's it's not it's going to be like 1% of Optimus isn't thing.,2730.8,2741.5,neutral,0.9994022846221924,0.0
"Great, thank you very much, we already covered the next question, I think opening remarks.",2741.6,2747.9,neutral,0.9992714524269104,0.0
So moving on.,2748.1,2749.6,neutral,0.9990541338920593,0.0
"Is it expected that Tesla will need to upgrade Hardware, 3 vehicles?",2749.9,2754.1,neutral,0.999406099319458,0.0
"And if so, what is the timeline?",2754.1,2756.4,neutral,0.999316930770874,0.0
And expected impact to Tesla has capex.,2756.9,2760.4,neutral,0.9993739724159241,0.0
"I think I'm referring to cos they're, they're really asking the tough questions all day.",2760.4,2764.9,neutral,0.9988941550254822,0.0
I guess we're he's in a van stopped working on Hardware 3 yet.,2765.1,2769.8,neutral,0.9944667220115662,0.0
We are still making software releases.,2769.8,2771.7,neutral,0.9990832805633545,0.0
We released the 1.6 release recently which was like this like a baby we 13 but it's a significant Improvement compared to what they had previously and you know people are still finding ways to distill larger models in the small model.,2771.7,2785.2,positive,0.9969292283058167,0.9969292283058167
So we're not given up on Hardware 3.,2785.2,2786.7,positive,0.9845907688140869,0.9845907688140869
"We're working on it, I just the L. Will Trail the hardware for releases?",2786.9,2791.9,neutral,0.9988518953323364,0.0
"Thank you, Chef.",2794.2,2794.8,neutral,0.9991840720176697,0.0
Yeah.,2794.8,2795.3,neutral,0.9958522319793701,0.0
I mean I think the honest answer is that we're going to have to upgrade people's Hardware 3 computer for those that are bored full self-driving.,2796.3,2807.2,neutral,0.9993003606796265,0.0
And then is the honest answer and that's going to be painful and difficult but we'll get it done.,2807.2,2811.8,neutral,0.9984771609306335,0.0
"Now, I'm kind of glad that not that many people bought the prophecy package.",2814.3,2817.2,neutral,0.9978393316268921,0.0
"Thanks, he won.",2820.4,2821.0,positive,0.9979129433631897,0.9979129433631897
"The next question has Tesla given up on renting, their solar roof product.",2821.6,2826.5,negative,0.997161865234375,-0.997161865234375
"No, we're sorry.",2829.3,2831.6,neutral,0.970289409160614,0.0
Mike.,2831.7,2832.4,neutral,0.9988195300102234,0.0
"Oh my God, yeah.",2832.4,2833.4,negative,0.6034520864486694,-0.6034520864486694
"Oh yeah, I can take it.",2834.0,2834.8,neutral,0.977017879486084,0.0
Yeah.,2835.0,2835.2,neutral,0.9958522319793701,0.0
"Solar roof remains a core part of the residential product portfolio, and it still remains where it draws a lot of customer interest.",2835.2,2841.7,positive,0.9911353588104248,0.9911353588104248
"Despite it being premium products, we've worked on multiple iterations of engineering to make the product easier to install and distribute by the producing.",2841.7,2850.3,positive,0.9978681802749634,0.9978681802749634
"Ask you count and you know, more recently rather than direct installation, we are focused on growth through our Nationwide network of certified installers.",2850.3,2858.8,positive,0.9979198575019836,0.9979198575019836
"And many of those, they've been installing solar group with us for many years.",2859.7,2863.6,positive,0.87570720911026,0.87570720911026
That's actually turned out to be a much better way for that.,2865.7,2868.4,positive,0.9484483003616333,0.9484483003616333
"Like it is just let the roof just supply products, the roofing industry and especially when somebody's going to kiss is getting a new roof anyway or building a house from scratch.",2868.4,2878.5,neutral,0.9995265007019043,0.0
"Obviously this is by far the most efficient time to put in a solar roof as opposed to putting this whole roof on a house that where the roof still has, you know, 20 years of life that that's not economically sensible.",2878.6,2891.7,neutral,0.9967077970504761,0.0
"But but but if it's a new house, Or the leaf roof needs to be replaced.",2891.7,2896.6,neutral,0.9994829893112183,0.0
"Anyway, then solar roof can make a lot of sense and, and and it is it is a premium product.",2896.6,2905.1,neutral,0.9924322366714478,0.0
"It's like the Tesla like Model S model X or some looks like a pretty, it's a premium product.",2905.1,2910.6,neutral,0.9991838335990906,0.0
"I think it looks really cool and you're out, I mean your house generates electricity and if you combine it with the Tesla powerwall battery, then you can be self-sufficient.",2910.9,2921.5,positive,0.9919420480728149,0.9919420480728149
So even if the grid turns off even if the grits AI was off for several days.,2921.5,2925.9,neutral,0.9988786578178406,0.0
Your hostel works.,2926.3,2928.2,neutral,0.9990142583847046,0.0
And your roof looks awesome.,2929.8,2931.0,positive,0.9978156089782715,0.9978156089782715
So it's like I recommend anyone who had you can afford it.,2932.0,2935.7,neutral,0.9991551637649536,0.0
Get the Tesla solar roof and the powerwall.,2935.7,2937.4,neutral,0.9965544939041138,0.0
"You're the only life might depend on it, get enough.",2939.1,2941.6,neutral,0.998275876045227,0.0
"And and just just in terms of convenience, you know, your kids are not going to yell at you because their computers, don't work because the power went out and there and you can charge your phone first week.",2941.6,2951.1,neutral,0.997199296951294,0.0
Actually happens to.,2951.6,2952.7,neutral,0.9987391829490662,0.0
Yeah.,2956.7,2957.1,neutral,0.9958522319793701,0.0
Thank you very much.,2962.3,2963.0,neutral,0.9990378618240356,0.0
The next question was covered in opening remarks so we will skip that.,2963.6,2967.7,neutral,0.9996132254600525,0.0
"And the last question from say.com, what technical breakthroughs will Define the 14 of FSD given that the 13 already covered, Photon to confirm all Well we're going to have a look but will help improve and photons to Upward.",2968.0,2985.7,neutral,0.9975207448005676,0.0
"We've been in sort of the nothing but dance situation, nothing but neural Nets from photons to controls for a while now for just improving the neural net I guess we could get into Technical details.",2987.6,3001.0,neutral,0.9990247488021851,0.0
"Some degree have to say, I continue to be amazed by just how effective order aggressive Transformers, are at solving, a wide range of problems.",3001.0,3012.6,positive,0.997148334980011,0.997148334980011
"I'm going to show you is then it if you'd like to add there without giving away the sort of family secrets except for things, we photonics already as a continue to scale the model size lat you know, we scale bunch of e-13 but then there's still room to grow.",3014.1,3029.2,positive,0.8388451933860779,0.8388451933860779
So we're going to continue to scale.,3029.5,3030.5,positive,0.9982688426971436,0.9982688426971436
The water sighs.,3030.5,3031.5,neutral,0.9624761343002319,0.0
"You're going to increase the context length, even more the memory sort of like limited right now, we only increase the amount of memory also gave to even minutes of context for driving.",3031.8,3042.0,positive,0.9971319437026978,0.9971319437026978
We're going to add audio.,3042.1,3043.7,neutral,0.9986818432807922,0.0
He owed and emergency vehicles better at like data of the tricky Corner cases that we get from the entire fleet.,3043.9,3050.0,positive,0.996436595916748,0.996436595916748
"You know, any interventions for any kind of plug in a user intervention.",3050.0,3053.1,neutral,0.9992732405662537,0.0
"We said that to the data, the data set, so scaling in basically every access to Clinic compute, its size model, size model context.",3053.1,3062.9,neutral,0.9995797276496887,0.0
"And also all the reinforcement learning objectives, Already with that.",3062.9,3069.8,neutral,0.9975918531417847,0.0
"We will move over to analysts questions so just as a reminder, you will need to unmute yourself to ask your question.",3069.8,3078.1,neutral,0.9995310306549072,0.0
And the first question will be coming from Daniel rosca.,3078.1,3080.8,neutral,0.9994670748710632,0.0
From Bernstein Daniel.,3080.9,3083.2,neutral,0.9983453750610352,0.0
Please go ahead and unmute yourself.,3083.2,3085.3,neutral,0.9994552731513977,0.0
"Hey, good evening everybody.",3085.9,3086.8,neutral,0.9992333650588989,0.0
"It's Daniel for Bernstein, Elon Tesla, share price.",3086.8,3090.1,neutral,0.9995317459106445,0.0
Clearly already includes quite a few of the anticipated benefits.,3090.1,3093.3,positive,0.9818080067634583,0.9818080067634583
You talked about today yet realizing what you call kind of But achievable will take some time.,3093.3,3099.5,neutral,0.9978610873222351,0.0
"What are you pushing the Tesla executive team to do differently now to accelerate the innovation in order to realize the value, you described for the company?",3100.4,3109.4,positive,0.9932771325111389,0.9932771325111389
"well, I mean we're Working on perfecting real world AI think and making rapid progress week of a week if not more, you know.",3113.8,3124.0,positive,0.9981683492660522,0.9981683492660522
So the amount of a month it's often week over week.,3124.0,3126.2,neutral,0.9995017051696777,0.0
"I spent a lot of time with the Tesla, ai ai team and the Tells Optimus team at then I go with a problem is essentially like not, you know, if something was, you know, portion sometimes like don't talk to Tesla executive Mike AI.",3129.7,3142.8,neutral,0.999495267868042,0.0
"We don't see very often and I'm like, that's because your stuff is working.",3142.8,3145.0,neutral,0.9991942048072815,0.0
Awesome yourself working with your great.,3145.0,3148.2,positive,0.9926515221595764,0.9926515221595764
"Unfortunately, I didn't see them very often because I go where the bomb is.",3148.4,3151.3,negative,0.9682002663612366,-0.9682002663612366
"So, I promise, we're like, what's the, what's the greatest challenge that lies ahead?",3151.5,3158.6,neutral,0.9638837575912476,0.0
"So, obviously, there's this, there are many challenges with Optimus, it's a hard problem to solve many challenges will check with the vehicle autonomy, but we're making rapid progress in both.",3158.6,3172.2,negative,0.9762287735939026,-0.9762287735939026
Yeah.,3176.7,3177.1,neutral,0.9958522319793701,0.0
Okay.,3179.4,3179.8,neutral,0.9685479998588562,0.0
I mean sounds like you you've got a conviction that the pieces you need.,3180.1,3184.5,neutral,0.993791401386261,0.0
Right?,3184.6,3185.0,neutral,0.9981926083564758,0.0
Are are in place.,3185.0,3186.3,positive,0.9659935832023621,0.9659935832023621
Yeah.,3186.7,3187.0,neutral,0.9958522319793701,0.0
If we kind of go 12 months down the line and we look back and you had some of those but maybe what are the kind of two or three?,3187.4,3194.1,neutral,0.9995418787002563,0.0
"Kpis, that would tell you, that, you know, you're on track and it's going the right way, and the pieces you put in place.",3194.1,3201.3,neutral,0.9600289463996887,0.0
"Are the right pieces, right?",3201.3,3202.2,neutral,0.9994475245475769,0.0
That's kind of what I'm looking for or other way.,3202.2,3206.0,neutral,0.9994269609451294,0.0
Round.,3206.2,3206.7,neutral,0.995016872882843,0.0
Where would it be off?,3207.7,3208.9,neutral,0.9994152784347534,0.0
Most likely in your mind that you say hey I need to go back there and I need to change something to enable the team better.,3208.9,3214.6,neutral,0.9995799660682678,0.0
"Well, I mean I think my prediction is that I'm making here are going to be pretty accurate.",3218.3,3224.1,positive,0.9581623673439026,0.9581623673439026
"Yeah, and it's with an echo, so sometimes feels AI know your lines always late.",3225.5,3229.7,neutral,0.9942208528518677,0.0
"Well, actually no, the problem is that the media reports on when I'm late but never works when I'm really so sure I'm optimistic, but I'm not that optimistic, you know, there are many cases in past where I actually would have been early you know such as completion of the Shanghai Factory or fragrance Factory gigafactory completion is generally been ahead of schedule, not behind.",3229.7,3251.8,neutral,0.5458714365959167,0.0
"So Yeah, so the but I like so I'm very confident.",3251.8,3262.2,positive,0.9983217120170593,0.9983217120170593
We will have released on 2 players full self-driving.,3262.2,3265.4,positive,0.9927652478218079,0.9927652478218079
Fully autonomous Tesla has in Austin and several other cities in America by the end of this year as probably everywhere in America next year at everywhere.,3265.4,3278.3,neutral,0.979128360748291,0.0
"North America, at least, I think, in terms of next year, our constraints and I think it's likely to be just regulatory, you know, like the Q4 Europe really has.",3278.3,3288.4,negative,0.5959956049919128,-0.5959956049919128
"For example, Europe is layer cake of regulations and bureaucracy, which really needs to be addressed.",3288.4,3294.8,neutral,0.9994694590568542,0.0
There's this A drug like America innovates Europe.,3296.4,3301.7,neutral,0.9993491768836975,0.0
"Regulates, so guys, this too many reps on the field.",3301.7,3306.2,neutral,0.6803556680679321,0.0
"Any, for example, for us to just to release and just release supervised, full self-driving in Europe, even though it works really well.",3307.9,3314.2,negative,0.8234180212020874,-0.8234180212020874
"We have to go through a mountain of paperwork with the Netherlands, which is our primary regulatory Authority, then the Netherlands presents this to the EU.",3314.6,3325.8,neutral,0.9993916749954224,0.0
And I think May And there's like this big EU country committee.,3325.8,3332.1,neutral,0.9994613528251648,0.0
We expected to be approved at that time.,3332.7,3335.3,positive,0.9980613589286804,0.9980613589286804
But there's nothing we can do to make that may happen soon enough.,3335.5,3338.5,negative,0.9950202703475952,-0.9950202703475952
"In fact, nobody seems to do if that I guess all the countries would have to somehow vote in some way to have it happen sooner than May Otherwise, we weren't having children me.",3339.4,3352.1,neutral,0.9993175268173218,0.0
So then we will then when is unsupervised ever?,3353.6,3356.7,neutral,0.9995508790016174,0.0
See a lot in Europe on Mike Maybe next year.,3356.7,3360.2,neutral,0.9991348385810852,0.0
"Maybe, I don't know where to find out when you use me again.",3360.2,3365.8,negative,0.919321596622467,-0.919321596622467
"Sometimes it's a 12-month, Cadence, sometimes a six-month Cadence then China, which is a huge margins.",3367.0,3374.3,neutral,0.9304171204566956,0.0
Gigantic Market.,3374.3,3374.9,neutral,0.9945375323295593,0.0
We do have some challenges because they weren't currently allow us to transfer training video outside of China and then the US government won't let us do training in China.,3374.9,3386.0,negative,0.9987128973007202,-0.9987128973007202
So we're in a bit of a bind there.,3386.3,3387.4,negative,0.998766303062439,-0.998766303062439
"Said it, like, whatever quandary.",3389.8,3392.5,neutral,0.9994588494300842,0.0
"So we already solving that is, by literally, looking at videos of streets in China that are available on the internet to understand and then feeding that into our video training so that publicly available video of street signs and traffic rules in.",3392.6,3414.4,neutral,0.9994118213653564,0.0
China can be can be used for training.,3414.4,3418.7,neutral,0.9990730285644531,0.0
And then also putting it in a good recovery accurate simulator.,3419.9,3424.4,neutral,0.9742164015769958,0.0
"And and so it will train using some for, you know, bus lanes, and try and like bus lanes and China.",3425.0,3430.4,neutral,0.757153332233429,0.0
"By the way, what about the biggest challenges in making FSD working?",3430.4,3437.1,neutral,0.9724535346031189,0.0
Try and is the bus lanes?,3437.1,3438.5,neutral,0.999354898929596,0.0
"Are very complicated and there's like, literally, like hours of the day that you're allowed to be there and not be there.",3438.5,3444.5,neutral,0.9994674324989319,0.0
"And then, if you accidentally go in a bus lane, at the wrong time, the the you get it.",3444.5,3449.1,neutral,0.9985191226005554,0.0
Automatic ticket instantly.,3449.3,3450.5,positive,0.7818928956985474,0.7818928956985474
So there's kind of a big deal bus lanes in China.,3451.4,3454.9,neutral,0.9987969398498535,0.0
So we have put that into our Simulator train on that.,3455.6,3459.6,neutral,0.9993376135826111,0.0
The car has to know what time of day.,3460.2,3461.4,neutral,0.9995170831680298,0.0
It is read the sign better.,3461.4,3464.5,positive,0.9716504216194153,0.9716504216194153
"It will get the solved, but I think we'll have unsupervised FSD in almost every Market this year, limited simply by regulatory issues, not technical capability.",3464.5,3483.3,neutral,0.9851158261299133,0.0
Okay.,3484.9,3485.1,neutral,0.9685479998588562,0.0
"And then then unsupervised FSD in the US this year, in many cities, but Nationwide next year and and hopefully we have unsupervised FSD in most countries by the end of next year.",3485.2,3499.1,positive,0.820122480392456,0.820122480392456
That's the best.,3499.3,3501.1,neutral,0.99918133020401,0.0
My prediction with best data that I have right now.,3501.1,3503.3,neutral,0.9994899034500122,0.0
"Great, thank you very much.",3505.1,3506.4,neutral,0.9983844757080078,0.0
The next question will come from Adam Jonas at Morgan Stanley.,3506.7,3510.1,neutral,0.9994980096817017,0.0
"Adam, please feel free to unmute yourself.",3510.5,3512.4,neutral,0.9994364380836487,0.0
Thanks everybody.,3514.0,3514.9,neutral,0.9992658495903015,0.0
"So he Lon you've said in the past about lidar for a positively that lidar is a crutch, a Fool's errand.",3515.0,3523.4,negative,0.8342000246047974,-0.8342000246047974
"I think you even told me once, even if it was free and say you wouldn't use it, you still feel that way.",3523.4,3528.4,negative,0.9932464361190796,-0.9932464361190796
Yes.,3529.0,3529.4,neutral,0.9881481528282166,0.0
Care to elaborate or just another question.,3531.8,3534.8,neutral,0.9992586970329285,0.0
"Look, we even have a radar in the corner.",3536.6,3538.0,positive,0.9270122647285461,0.9270122647285461
We turned it off.,3538.0,3538.7,neutral,0.587965726852417,0.0
I got it.,3541.5,3542.0,positive,0.9765938520431519,0.9765938520431519
All right so here's bill.,3542.4,3543.6,neutral,0.9993835687637329,0.0
"Yeah, people think you're crazy you know but for not look like humans drive without shooting lasers out of their eyes English.",3543.9,3555.4,negative,0.9886960983276367,-0.9886960983276367
"You're Superman, you know but like humans drive just with passive visual dreams drivers with eyes and a neural net and a rainy roll, man.",3555.4,3566.0,neutral,0.9994699358940125,0.0
So sort of biological chemical which of the so the digital equivalent of eyes and a brain.,3566.2,3570.9,neutral,0.9995334148406982,0.0
Our cameras and and digital neural Nets are AI.,3571.2,3575.6,neutral,0.9995108842849731,0.0
So that's the entire Road system was designed for Passive Optical neural Nets.,3575.6,3582.6,neutral,0.9989996552467346,0.0
"That's how the horse that wrote system was not designed and what everyone is expecting, other Cloud.",3582.8,3587.6,neutral,0.9621244072914124,0.0
That's all we expect other close to behave.,3587.6,3589.3,neutral,0.9994816184043884,0.0
So therefore that is very obviously the solution for full self-driving in it as a generalized for the generalized solution for full self-driving.,3589.4,3598.8,neutral,0.9995695948600769,0.0
"Very specific neighborhood by neighborhood solution, which vertical to maintain, which is what our competitors are doing.",3600.0,3605.8,neutral,0.9988711476325989,0.0
I got that.,3610.1,3610.5,neutral,0.9516652226448059,0.0
"Yeah, I mean, either doesn't work in The Fall.",3610.9,3614.4,neutral,0.712874710559845,0.0
"Guys, neither has a lot of issues like like AI.",3614.6,3618.1,neutral,0.9982265830039978,0.0
"Don't have something like that SpaceX Dragon docks with the space station using lidar that a program that I personally spearheaded, I don't have some fundamental bizarre dislike.",3618.1,3629.7,neutral,0.9986867308616638,0.0
The lidar is simply the wrong solution for driving car loan roads.,3629.7,3633.7,negative,0.9968235492706299,-0.9968235492706299
Right?,3633.7,3634.4,neutral,0.9981926083564758,0.0
You understand how lidar works?,3634.4,3636.4,neutral,0.9994155168533325,0.0
I guess definitely designed and built our own.,3636.4,3639.5,neutral,0.9995026588439941,0.0
Red lidar.,3639.7,3640.7,neutral,0.9993876218795776,0.0
I oversaw the project.,3640.8,3642.3,neutral,0.9992483258247375,0.0
There's anything.,3642.3,3643.2,neutral,0.984889566898346,0.0
It was my decision to use later on dragon and I was saw the that that engineering project directly.,3644.1,3650.0,neutral,0.9995073080062866,0.0
So I'm like we looked really designed made a rata relied on the doctor space station.,3650.4,3655.8,neutral,0.9993120431900024,0.0
If I thought it was the right solution for cars I would do that but it isn't.,3655.9,3658.7,negative,0.8761829733848572,-0.8761829733848572
"Yeah all right just as a follow-up at CES you said I'm paraphrasing, the any AI will be able to do any cognitive tasks not involving atoms.",3659.3,3669.6,neutral,0.9994943141937256,0.0
Within the next three or four years.,3670.1,3671.6,neutral,0.9993368983268738,0.0
And that would imply.,3671.6,3672.4,neutral,0.9990991353988647,0.0
Elon that.,3672.4,3672.9,neutral,0.9979209303855896,0.0
"Before the end of President, Trump's term in office, that AI would be moving pretty damn quickly into the physical world, or the world of photons and atoms, and I'm thinking given your work with the administration.",3672.9,3684.8,neutral,0.983073890209198,0.0
"How confident are you that the US has, will have the manufacturing in the supply base to make good on your excitement about physical AI by the, you know, end of bilateral, this decade.",3684.8,3697.9,positive,0.9927908182144165,0.9927908182144165
We've seen pretty vulnerable right now.,3697.9,3699.2,negative,0.9989699125289917,-0.9989699125289917
"I've seen You Tweeting about or sorry, Xing, excuse me, Elon about China, for audience, live about China, having like making more drones in a day than the u.s. makes in a year and all the entanglement of the supply.",3699.2,3712.2,neutral,0.9988788962364197,0.0
So what has to happen in the u.s. to make that possible?,3712.2,3715.4,neutral,0.9994590878486633,0.0
What's your message?,3715.4,3716.4,neutral,0.9994087219238281,0.0
"And what can, what can you do about it?",3716.4,3719.3,neutral,0.9960118532180786,0.0
"And what's relevant for Tesla shareholders, thanks a lot.",3719.3,3721.9,neutral,0.9994791150093079,0.0
"Well, a Tesla obviously we think manufacturing is cool SpaceX.",3723.5,3727.5,positive,0.5006814002990723,0.5006814002990723
"We think manufacturing is cool, but in general, for talented Americans they need to go beyond, you know, my young mind companies found me at end of people in my teams here in general.",3727.5,3741.4,neutral,0.9994872808456421,0.0
We need to make many factoring bulla game in America and you know like honestly think people should move from like law and finance huge manufacturing.,3741.4,3750.9,neutral,0.9995909333229065,0.0
That's why I'm spending we've This is both a compliment in the criticism.,3750.9,3755.8,neutral,0.9022532105445862,0.0
We have too much talent in law and Engineering law and Finance in America and there should be more of that talented in many veteran.,3755.8,3761.9,neutral,0.9842177629470825,0.0
"So, Yeah.",3763.8,3769.2,neutral,0.998994767665863,0.0
"I mean, at Tesla, we're making sure that we can continue to make sure our stuff even in the event of geopolitical tensions, rising to very high levels.",3773.6,3786.0,positive,0.9940506815910339,0.9940506815910339
"Okay, thank you very much.",3788.3,3790.1,neutral,0.9987035989761353,0.0
The next question will come from Pierre.,3790.9,3792.6,neutral,0.9994761347770691,0.0
Fair.,3792.6,3792.9,positive,0.9158697128295898,0.9158697128295898
Goo New Street Pierre.,3792.9,3795.8,neutral,0.9981274008750916,0.0
Please.,3795.8,3796.0,neutral,0.9981942772865295,0.0
Feel free to unmute yourself.,3796.0,3797.1,neutral,0.9992142915725708,0.0
"Hey thanks guys, I'll taking the question.",3799.2,3801.2,neutral,0.9993757605552673,0.0
"So I have a question, you know, on deploying like robotaxi Xin, Jun in Austin so that's great news and I was wondering if it means I can you know drive down to Austin in June and try and try and so paralyzed by myself is my God.",3802.2,3819.7,neutral,0.951908528804779,0.0
So it's going to be more like Your fleets testing it.,3819.7,3824.4,neutral,0.9995494484901428,0.0
"It'll be our Fleet, testing it.",3826.1,3828.2,neutral,0.9993854761123657,0.0
"That's how sort of toe in the water, you know, would be scrutinizing.",3829.6,3833.6,neutral,0.99947589635849,0.0
It very carefully.,3833.6,3834.5,neutral,0.7581222653388977,0.0
"Make sure was also something we missed, but it will be, you know, right.",3835.0,3841.4,neutral,0.9345875978469849,0.0
"I'm trying to his right healing for money and in Austin and June and then as swiftly as possible other cities in America and I expect us to be operating a drink on AI to advise activity with with, with our internal Fleet in several studies by the end of the year, then, as probably next year, when people are are able to add or subtract their car from the fleet.",3841.9,3870.3,positive,0.9955852031707764,0.9955852031707764
"So here, come on Airbnb.",3870.5,3872.8,neutral,0.9986979961395264,0.0
Where you can sort of add or subtract your house or guest room?,3872.8,3875.9,neutral,0.999305248260498,0.0
"You know, he's like attitude and Airbnb inventory, or do data to them being be a ettore.",3876.1,3883.7,neutral,0.999497652053833,0.0
"you know, if you're traveling for a month, you can Or whatever the case may be, you can let other people use your house and then in research like that's probably a Q4.",3885.9,3899.9,neutral,0.9993866682052612,0.0
Because we want to just make sure if ironed out AI any tanks and a lot of it is it's not like we're not splitting the atom here.,3900.0,3907.5,positive,0.5181363224983215,0.5181363224983215
It's just a bunch of work that needs to be done to make sure the whole thing works efficiently that people can order the car.,3907.5,3913.4,neutral,0.9995235204696655,0.0
It comes to the right spot is exactly right thing.,3913.7,3918.9,neutral,0.9809538125991821,0.0
All the payment systems work.,3918.9,3920.7,neutral,0.9992395639419556,0.0
The billing works.,3920.9,3922.1,neutral,0.9988647699356079,0.0
Yeah.,3925.2,3925.6,neutral,0.9958522319793701,0.0
Okay.,3926.6,3927.0,neutral,0.9685479998588562,0.0
"But then like so my first question would be, you know, I have a Tesla AI, have it as D and I have to keep my eyes on the, on the road all the time.",3928.8,3937.2,neutral,0.9994757771492004,0.0
It's super boring because I don't really need to intervene anymore.,3937.2,3940.8,negative,0.9950169920921326,-0.9950169920921326
And the really annoying thing is that I can't just check my emails.,3940.8,3948.1,negative,0.9945394396781921,-0.9945394396781921
"And so are you working also on introducing, you know, like a kind of like three and supervised where where I could be eyes of and and I would be able to check my email and we just need to with a five-second noticed, have to go back and keep an eye on what's happening or is that something you're working on as well?",3948.1,3966.2,neutral,0.9989068508148193,0.0
Because it feels so close.,3966.2,3968.2,neutral,0.9641271233558655,0.0
We be certain that I wonder if it's something.,3968.2,3970.9,neutral,0.9979742169380188,0.0
We can expect for this year.,3970.9,3971.9,neutral,0.9975904226303101,0.0
It's very selfish question.,3971.9,3972.9,neutral,0.8039124011993408,0.0
"I asked for my son's, to be honest.",3972.9,3974.3,neutral,0.9960455298423767,0.0
"Yes, we just need, we need to be very confident that the probability of injury is low before we are people to check back Che Guevara be male and text messages.",3975.3,3987.0,neutral,0.9993578791618347,0.0
If I'm right now we're in this perverse situation which we have encountered yourself where people actually go to manual.,3987.6,3994.7,negative,0.9986469149589539,-0.9986469149589539
Driving to check your text messages.,3994.7,3997.4,positive,0.5114892721176147,0.5114892721176147
Yep.,3997.4,3997.8,neutral,0.9972676038742065,0.0
So the computer doesn't yell at them and and then go then put it back on autonomous mode.,3998.4,4003.8,neutral,0.9893024563789368,0.0
Once they've checked the Tesla text messages which is obviously less safe significantly mustn't.,4003.8,4010.0,neutral,0.9993109703063965,0.0
Forget me with safe.,4010.0,4011.3,neutral,0.9946997165679932,0.0
Significantly less same but just letting people I'll check their texts once in a while without the computer yelling at them Redfoo.,4011.3,4019.6,neutral,0.9981655478477478,0.0
"Just want to be cautious about that at the a to that we're in this sort of, you know, neither here nor there but just for AI, think it's not for many months longer.",4019.6,4029.8,neutral,0.9991034865379333,0.0
"But yeah, we're in the, in this perverse situation will be will turn the car off autopilot, so we can hear doesn't help them.",4032.6,4038.0,negative,0.9967779517173767,-0.9967779517173767
Check the Tesla text messages.,4038.0,4039.3,neutral,0.9989898800849915,0.0
"Well, well steering, the car with your knee and not looking out the window.",4039.3,4042.8,neutral,0.9995379447937012,0.0
"Like, like, you know, if you have any problems with the system and when people are not looking, that is a dangerous.",4042.8,4056.1,negative,0.9861183166503906,-0.9861183166503906
And that's what we're trying to avoid.,4056.1,4057.9,positive,0.9252763390541077,0.9252763390541077
It's the community is getting there but it's not fully there.,4058.2,4061.9,negative,0.9539047479629517,-0.9539047479629517
That's right.,4062.4,4063.0,neutral,0.9989393353462219,0.0
He was using the double dipping a toe in the water then getting comfortable then together.,4063.2,4068.6,neutral,0.999354898929596,0.0
"Anyway, it's not far off.",4070.4,4072.2,neutral,0.9993839263916016,0.0
"but we wouldn't want to prove to ourselves the Improvement, proved ourselves and obviously prove to Regulators that the car is unequivocally safer in autonomous mode, then they're not and that's we're not far off.",4075.0,4093.7,neutral,0.9580180048942566,0.0
So would look at this is like low single-digit months.,4093.8,4097.3,neutral,0.9992803931236267,0.0
To the safety aspect.,4098.2,4099.6,neutral,0.9990332126617432,0.0
We did Publishers safety vehicle.,4099.6,4101.8,positive,0.971486508846283,0.971486508846283
"Safety report today, and in Q4, was one crash for every five point.",4101.8,4106.0,negative,0.9899500608444214,-0.9899500608444214
"Nine million miles driven, compared to a crash over 700,000 miles without Palm Pilot.",4106.0,4111.3,positive,0.9957310557365417,0.9957310557365417
We're running circles.,4111.3,4111.9,positive,0.9962395429611206,0.9962395429611206
"Guess we're getting to the point where it's an order of magnitude events like 8.5 X, signaling.",4111.9,4117.0,neutral,0.9993777275085449,0.0
"And so, it's just about there.",4117.0,4117.9,neutral,0.9994478821754456,0.0
"Yeah, it's amazing.",4117.9,4118.9,positive,0.9976922273635864,0.9976922273635864
Great Authority.,4120.5,4121.5,neutral,0.9936521053314209,0.0
And our last question will be coming from Dan Levi at Barclays.,4121.5,4126.4,neutral,0.9994885921478271,0.0
"And Dan, feel free to unmute yourself.",4126.4,4128.3,neutral,0.9994040727615356,0.0
Hungry.,4129.3,4129.9,neutral,0.966053307056427,0.0
Good evening.,4130.4,4130.8,neutral,0.9989633560180664,0.0
Thank you for taking other questions you want.,4130.8,4134.4,neutral,0.9993441700935364,0.0
"You talked about the need for proliferation of sustainable transport in the past, as part of a sort of broader push to sustainable energy.",4134.4,4142.4,neutral,0.9963202476501465,0.0
"Oh God, I don't know.",4143.4,4144.1,negative,0.9951808452606201,-0.9951808452606201
We've heard a lot about President Obama's plans to reverse the Ed mandate and I think there's a view that given regulation is a driver CD up.,4144.1,4153.7,negative,0.986887514591217,-0.986887514591217
Take this could slow EV uptake in the u.s. so what would be your view?,4153.7,4158.6,negative,0.9983398914337158,-0.9983398914337158
View on the right policy in the US.,4158.7,4162.4,neutral,0.9992579817771912,0.0
Given your comments in the past of the need to push for sustainable transport.,4162.7,4168.4,positive,0.8540319204330444,0.8540319204330444
"You know, this point, I think the that's sustainable transport is inevitable, I'm highly confident.",4172.2,4180.4,positive,0.9972289204597473,0.9972289204597473
"All Transport will be autonomous electric, including aircraft and that it's simply, it's it can't be stopped anymore than one could have stopped.",4181.2,4192.5,neutral,0.997795581817627,0.0
"The Advent of the external combustion, engine steam engine or, or one could have stopped the at me.",4192.5,4199.9,neutral,0.9964633584022522,0.0
The internal combustion engine.,4200.0,4201.3,neutral,0.9993314743041992,0.0
"Like you can, if you've been the biggest Force Advocate that on Earth, he liked it.",4202.8,4207.2,positive,0.8525718450546265,0.8525718450546265
Like a horse's of the way.,4207.2,4210.1,neutral,0.9994469285011292,0.0
Don't these newfangled car automobiles?,4210.5,4213.1,neutral,0.9988896250724792,0.0
The you can't stop.,4214.1,4215.3,negative,0.99425208568573,-0.99425208568573
They have into going with y'all.,4215.3,4216.5,positive,0.8187419176101685,0.8187419176101685
It's going to happen.,4216.9,4217.7,neutral,0.9861885905265808,0.0
"And you can't, you can't stop the Advent of electric cars, it's going to happen.",4219.3,4223.9,negative,0.8316776156425476,-0.8316776156425476
"The only thing holding back, electric cars was range and that is a solved problem.",4225.0,4228.7,positive,0.7460260391235352,0.7460260391235352
Great.,4233.0,4233.4,positive,0.9974786639213562,0.9974786639213562
"And then as a follow up, you know, in the past deal on you and made a comment that you know you'd be willing to sell cars that effectively no margins, get the cars out there and there's a comment in the release today of the rate of acceleration of autonomy efforts, does impact volume growth.",4235.4,4253.8,neutral,0.6143729090690613,0.0
"So perhaps you could just talk about, you know, with your efforts on FSD how we should think about yours.",4253.8,4262.7,neutral,0.9995373487472534,0.0
"Desire to put more Vehicles out in the market, to take advantage of your of your Tech advances.",4262.8,4270.2,positive,0.9976820945739746,0.9976820945739746
So I'm not sure.,4273.3,4273.7,negative,0.9874217510223389,-0.9874217510223389
"I understand the question, we have a lot of cars and you've got millions of cars out.",4273.7,4277.9,neutral,0.9988061189651489,0.0
There is your question done that.,4277.9,4282.2,neutral,0.9989935755729675,0.0
"How do we, how do we marry our future growth aspects with FSD?",4282.5,4287.6,neutral,0.9752627015113831,0.0
Get going to meet yourself down.,4290.1,4291.7,neutral,0.996615469455719,0.0
Yeah more.,4294.3,4295.5,neutral,0.9988879561424255,0.0
"So just how much more aggressively you would be wish it willing to, you know, sell your cars versus versus, you know, in light of your of your improvements on that Dusty.",4295.5,4307.4,neutral,0.9931282997131348,0.0
AI.,4308.1,4308.1,neutral,0.9984643459320068,0.0
"Well, right now, the constraint we're trying to solve is battery production as opposed to demand.",4310.3,4317.6,neutral,0.9993517994880676,0.0
So you're and now q1.,4317.6,4321.6,neutral,0.9994633793830872,0.0
"We've got this massive factory retooling for the new model y, for example, and obviously inventory has a short-term impact on awkward, but the followers thing was, in fact, we're talking the, the executive team and I were talking about just before this call was from gotta figure out how How to increase total giggling hours of battery production this year, one way or another, that's the constraint on our output.",4321.6,4348.4,neutral,0.997269332408905,0.0
Already.,4352.5,4353.0,positive,0.562290370464325,0.562290370464325
"And with that, I think we are all done for today.",4353.0,4356.5,neutral,0.9993909597396851,0.0
So thanks everyone so much for all your questions.,4356.6,4359.0,neutral,0.9994555115699768,0.0
We look forward to talking to you next quarter.,4359.0,4360.9,neutral,0.99955815076828,0.0
They very much and goodbye.,4361.3,4362.3,neutral,0.9974789023399353,0.0
